{
  "parent": "kaleidoscope_tavern:block/mixology/mystery_cocktail",
  "transform": {
    "left_rotation": [
      -0.0,
      -0.0,
      -0.0,
      1.0
    ],
    "right_rotation": [
      0.0,
      0.9238795,
      0.0,
      0.38268337
    ],
    "scale": [
      1.0,
      0.9999999,
      1.0
    ],
    "translation": [
      -0.5000001,
      0.0,
      -1.2071068
    ]
  }
}