{
  "parent": "kaleidoscope_tavern:block/mixology/screwdriver",
  "transform": {
    "left_rotation": [
      -0.0,
      -0.0,
      -0.0,
      1.0
    ],
    "right_rotation": [
      0.0,
      0.98078525,
      0.0,
      0.19509031
    ],
    "scale": [
      0.99999994,
      1.0,
      0.99999994
    ],
    "translation": [
      -0.77059805,
      0.0,
      -1.1532816
    ]
  }
}