{
  "parent": "kaleidoscope_tavern:block/mixology/bloody_mary",
  "transform": {
    "left_rotation": [
      -0.0,
      -0.0,
      -0.0,
      1.0
    ],
    "right_rotation": [
      0.0,
      0.19509031,
      0.0,
      0.98078525
    ],
    "scale": [
      0.99999994,
      1.0,
      0.99999994
    ],
    "translation": [
      0.15328148,
      0.0,
      -0.22940193
    ]
  }
}